

{[
{

"userID":"1001",

"adID":"EM1001",

"Price":"12999",

"Category":"Eletronics",

"Sub-Category":"Mobiles",

"Description":"Touch Mobile",

"City":"Pune",

"Manufacturer":"Samsung",

"MakeModel":"S7",

"MakeYear":"2017",

"Location":"Talwade",

"Images":"",

"UploadDate":"",

},

{

"userID":"1002",

"adID":"EM1002",

"Price":"13499",

"Category":"Electronics",

"Sub-Category":"Mobiles",

"Description":"Touch Mobile",

"City":"Mumbai",

"Manufacturer":"Xioami",

"MakeModel":"Note 4",

"MakeYear":"2017",

"Location":"Worli",

"Images":,

"UploadDate":,



},

{

"userID":"1003",

"adID":"EM1003",

"Price":"10099",

"Category":"Eletronics",

"Sub-Category":"Mobiles",

"Description":"Touch Mobile",

"City":"Nagpur",

"Manufacturer":"LG",

"MakeModel":"G5",

"MakeYear":"2015",

"Location":"Nagpur City",

"Images":,

"UploadDate":,



},

{

"userID":"1004",

"adID":"EM1004",

"Price":"1995",

"Category":"Eletronics",

"Sub-Category":"Mobiles",

"Description":"Feature Mobile",

"City":"Kohlapur",

"Manufacturer":"Samsung",

"MakeModel":"Guru",

"MakeYear":"2014",

"Location":"Kohlapur City",

"Images":,

"UploadDate":"21-10-2016",



},

{

"userID":"1005",

"adID":"EM1005",

"Price":"19999",

"Category":"Eletronics",

"Sub-Category":"Mobiles",

"Description":"Touch Mobile",

"City":"Kolkata",

"Manufacturer":"Apple",

"MakeModel":"iPhoneSE",

"MakeYear":"2017",

"Location":"Howrah",

"Images":,

"UploadDate":,



},

{

"userID":"1006",

"adID":"EM1006",

"Price":"12999",

"Category":"Eletronics",

"Sub-Category":"Mobiles",

"Description":"Touch Mobile",

"City":"Delhi",

"Manufacturer":"Apple",

"MakeModel":"X",

"MakeYear":"2018",

"Location":"Chawri Bazar",

"Images":,

"UploadDate":"12-09-2018",

},

{

"userID":"1007",

"adID":"EM1007",

"Price":"14999",

"Category":"Eletronics",

"Sub-Category":"Mobiles",

"Description":"Touch Mobile",

"City":"Pune",

"Manufacturer":"Huawei",

"MakeModel":"Honour 7X",

"MakeYear":"2017",

"Location":"Talwade",

"Images":,

"UploadDate":"16-09-2018",

},
{

"userID":"1008",

"adID":"EM1008",

"Price":"10789",

"Category":"Eletronics",

"Sub-Category":"Mobiles",

"Description":"Touch Mobile",

"City":"Delhi",

"Manufacturer":"Lenovo",

"MakeModel":"P1",

"MakeYear":"2016",

"Location":"Chandni Chawk",

"Images":,

"UploadDate":"17-08-2018",

},
{

"userID":"1009",

"adID":"EM1009",

"Price":"18000",

"Category":"Eletronics",

"Sub-Category":"Mobiles",

"Description":"Touch Mobile",

"City":"Mumbai",

"Manufacturer":"Huawei",

"MakeModel":"Huawei P20",

"MakeYear":"2018",

"Location":"Thane",

"Images":"",

"UploadDate":"5-09-2018",

},
{

"userID":"1010",

"adID":"EM1010",

"Price":"35000",

"Category":"Eletronics",

"Sub-Category":"Mobiles",

"Description":"Touch Mobile",

"City":"Mumbai",

"Manufacturer":"One Plus",

"MakeModel":"One Plus 6",

"MakeYear":"2018",

"Location":"Thane",

"Images":"",

"UploadDate":"14-07-2018",

},
]}





                        ////////////////////television///////////////


{

"userID":"1001",

"adID":"ET1001",

"Price":"13499",

"Category":"Electronics",

"Sub-Category":"Television",

"Description":"LED",

"City":"Mumbai",

"Manufacturer":"Xioami",

"MakeModel":"Series 4",

"MakeYear":"2017",

"Location":"Worli",

"Images":,

"UploadDate":"21-08-2018",




},

{

"userID":"1002",

"adID":"ET1002",

"Price":"23499",

"Category":"Electronics",

"Sub-Category":"Television",

"Description":"LED",

"City":"Pune",

"Manufacturer":"Samsung",

"MakeModel":"Series 5",

"MakeYear":"2017",

"Location":"Talwade",

"Images":,

"UploadDate":"21-03-2018",




},

{

"userID":"1003",

"adID":"ET1003",

"Price":"63499",

"Category":"Electronics",

"Sub-Category":"Television",

"Description":"LED",

"City":"Nagpur",

"Manufacturer":"LG",

"MakeModel":"Series 4",

"MakeYear":"2017",

"Location":"Nagpur City",

"Images":,

"UploadDate":"11-08-2018",




},

{

"userID":"1004",

"adID":"ET1004",

"Price":"13499",

"Category":"Electronics",

"Sub-Category":"Television",

"Description":"LED",

"City":"Delhi",

"Manufacturer":"Sony",

"MakeModel":"Series 2",

"MakeYear":"2014",

"Location":"Chandini Chowk",

"Images":,

"UploadDate":"04-08-2018",




},

{

"userID":"1005",

"adID":"ET1005",

"Price":"73499",

"Category":"Electronics",

"Sub-Category":"Television",

"Description":"LED",

"City":"Gurgaon",

"Manufacturer":"Toshiba",

"MakeModel":"Series 7",

"MakeYear":"2015",

"Location":"Cyberhub",

"Images":,

"UploadDate":"15-08-2018",




},

{

"userID":"1006",

"adID":"ET1006",

"Price":"80000",

"Category":"Electronics",

"Sub-Category":"Television",

"Description":"LED",

"City":"Pune",

"Manufacturer":"Sony",

"MakeModel":"Series 9",

"MakeYear":"2018",

"Location":"Talwade",

"Images":"",

"UploadDate":"18-04-2018",
},
{

"userID":"1007",

"adID":"ET1007",

"Price":"45000",

"Category":"Electronics",

"Sub-Category":"Television",

"Description":"LED",

"City":"Gurgaon",

"Manufacturer":"LG",

"MakeModel":"Series 7",

"MakeYear":"2012",

"Location":"Cyberhub",

"Images":"",

"UploadDate":"12-05-2018",
},
{

"userID":"1008",

"adID":"ET1005",

"Price":"70000",

"Category":"Electronics",

"Sub-Category":"Television",

"Description":"LED",

"City":"Delhi",

"Manufacturer":"Toshiba",

"MakeModel":"Series 9",

"MakeYear":"2014",

"Location":"Rajiv Chawk",

"Images":,

"UploadDate":"15-08-2018",
},

{

"userID":"1009",

"adID":"ET1009",

"Price":"60500",

"Category":"Electronics",

"Sub-Category":"Television",

"Description":"LED",

"City":"Gurgaon",

"Manufacturer":"Samsung",

"MakeModel":"Series 6",

"MakeYear":"2016",

"Location":"Cyberhub",

"Images":,

"UploadDate":"12-03-2018",
},

{

"userID":"1010",

"adID":"ET1010",

"Price":"35499",

"Category":"Electronics",

"Sub-Category":"Television",

"Description":"LED",

"City":"Gurgaon",

"Manufacturer":"Sony",

"MakeModel":"Series 6",

"MakeYear":"2013",

"Location":"Cyberhub",

"Images":"",

"UploadDate":"17-06-2018",




},                      

                   /////////////////////Others///////////////////////////

{

"userID":"1001",

"adID":"EO1001",

"Price":"73499",

"Category":"Electronics",

"Sub-Category":"Others",

"Description":"Tablet",

"City":"Gurgaon",

"Manufacturer":"Dell",

"MakeModel":"Series 1",

"MakeYear":"2015",

"Location":"Cyberhub",

"Images":,

"UploadDate":"15-08-2018",




},

{

"userID":"1002",

"adID":"EO1002",

"Price":"73499",

"Category":"Electronics",

"Sub-Category":"Others",

"Description":"Laptop",

"City":"Gurgaon",

"Manufacturer":"Hp",

"MakeModel":"Pavillion",

"MakeYear":"2013",

"Location":"Cyberhub",

"Images":,

"UploadDate":"02-04-2017",




},

{

"userID":"1003",

"adID":"EO1003",

"Price":"7399",

"Category":"Electronics",

"Sub-Category":"Others",

"Description":"Smart Watch",

"City":"Mumbai",

"Manufacturer":"Fitbit",

"MakeModel":"Series 5",

"MakeYear":"2015",

"Location":"Bandra",

"Images":,

"UploadDate":"15-08-2018",




},

{

"userID":"1004",

"adID":"EO1004",

"Price":"101999",

"Category":"Electronics",

"Sub-Category":"Others",

"Description":"DSLR",

"City":"Pune",

"Manufacturer":"Nikon",

"MakeModel":"D5600",

"MakeYear":"2017",

"Location":"Talwade",

"Images":,

"UploadDate":"15-08-2018",




},

{

"userID":"1005",

"adID":"EO1005",

"Price":"12999",

"Category":"Electronics",

"Sub-Category":"Others",

"Description":"Tablet",

"City":"Delhi",

"Manufacturer":"Samsung",

"MakeModel":"Galaxy 4",

"MakeYear":"2013",

"Location":"Sarojini Nagar",

"Images":,

"UploadDate":"15-08-2018",




},
{

"userID":"1006",

"adID":"EO1006",

"Price":"12999",

"Category":"Electronics",

"Sub-Category":"Others",

"Description":"Power Bank",

"City":"Delhi",

"Manufacturer":"Xiomi",

"MakeModel":"series 7",

"MakeYear":"2018",

"Location":"Rajiv Chawk",

"Images":,

"UploadDate":"17-05-2018",




},

{

"userID":"1007",

"adID":"EO1007",

"Price":"800",

"Category":"Electronics",

"Sub-Category":"Others",

"Description":"Ear Phones",

"City":"Pune",

"Manufacturer":"JBL",

"MakeModel":"Pure Bass 2.0",

"MakeYear":"2015",

"Location":"Talwade",

"Images":"",

"UploadDate":"11-02-2018",

},

{

"userID":"1008",

"adID":"EO1008",

"Price":"5000",

"Category":"Electronics",

"Sub-Category":"Others",

"Description":"Head Phones",

"City":"Delhi",

"Manufacturer":"Sony",

"MakeModel":"Series 8",

"MakeYear":"2013",

"Location":"Sarojini Nagar",

"Images":,

"UploadDate":"12-06-2018",

},
{

"userID":"1009",

"adID":"EO1009",

"Price":"8000",

"Category":"Electronics",

"Sub-Category":"Others",

"Description":"Tablet",

"City":"Delhi",

"Manufacturer":"Lenovo",

"MakeModel":"Flexi 2.0",

"MakeYear":"2015",

"Location":"Rajiv Chawk",

"Images":,

"UploadDate":"8-04-2018",

},
{

"userID":"1010",

"adID":"EO1010",

"Price":"3500",

"Category":"Electronics",

"Sub-Category":"Others",

"Description":"Tablet",

"City":"Pune",

"Manufacturer":"BSNL",

"MakeModel":"Series 2",

"MakeYear":"2012",

"Location":"Talwade",

"Images":"",

"UploadDate":"14-09-2018",




},